{
  "iters": 8,
  "score": 0.8451305362619501,
  "report": {
    "psnr": 31.061569753175924,
    "ssim": 0.8451305362619501,
    "psnr(noisy,gt)": 28.429977541523485,
    "psnr(den,gt)": 31.061569753175924
  }
}