{
  "man.tiff": {
    "value": 0.894379004144658,
    "row": {
      "img": "man.tiff",
      "sigma": 10,
      "params": {
        "k": 0.2,
        "h": 0.08,
        "a": 0.08,
        "mu": 5.0,
        "lam": 1.0,
        "dtheta_deg": 2.0,
        "dt": 0.05,
        "iters": 6
      },
      "psnr": 31.302987881032816,
      "ssim": 0.8491128633563619,
      "outputs": {
        "noisy": "results/sweeps/man_sigma10\\runs\\k0.2__h0.08__a0.08__mu5__lam1__dt0.05__it6\\man_noisy.png",
        "denoised": "results/sweeps/man_sigma10\\runs\\k0.2__h0.08__a0.08__mu5__lam1__dt0.05__it6\\man_den_ohgad.png",
        "report": {
          "psnr": 31.302987881032816,
          "ssim": 0.8491128633563619,
          "psnr(noisy,gt)": 28.429977541523485,
          "psnr(den,gt)": 31.302987881032816
        }
      },
      "_log": "results/sweeps/man_sigma10\\metrics.jsonl",
      "_score": 0.894379004144658
    }
  }
}