{
  "score": 0.8502698466189321,
  "row": {
    "img": "man.tiff",
    "sigma": 10,
    "params": {
      "k": 0.2,
      "h": 0.08,
      "a": 0.12,
      "mu": 5.0,
      "lam": 1.0,
      "dtheta_deg": 2.0,
      "dt": 0.05,
      "iters": 10
    },
    "psnr": 31.205122977582423,
    "ssim": 0.8502698466189321,
    "outputs": {
      "noisy": "results/sweeps/man_sigma10\\runs\\k0.2__h0.08__a0.12__mu5__lam1__dt0.05__it10\\man_noisy.png",
      "denoised": "results/sweeps/man_sigma10\\runs\\k0.2__h0.08__a0.12__mu5__lam1__dt0.05__it10\\man_den_ohgad.png",
      "report": {
        "psnr": 31.205122977582423,
        "ssim": 0.8502698466189321,
        "psnr(noisy,gt)": 28.429977541523485,
        "psnr(den,gt)": 31.205122977582423
      }
    }
  },
  "log": "results/sweeps/man_sigma10\\metrics.jsonl"
}